p0_hat,alpha_hat,p0_se,alpha_se
0.49936218816882166,0.05116687303694803,0.004279217359726111,0.004956822418383221
