slope,intercept,slope_err,ci_low,ci_high
0.9902841812867992,0.005328449158008397,0.006634301909329248,0.9755379487452046,1.0056018582327322
