delta,lnA_pre,lnA_true,se_lnA
0.0,-0.0825950225948624,0.0,0.1
0.005,-0.22574942988803948,-0.25,0.1
0.01,-0.5063851083140767,-0.5,0.1
0.015,-0.7594363706012958,-0.75,0.1
0.02,-0.9676547849968269,-1.0,0.1
