delta,lnA_pre,se_lnA
0.0,0.0010690913598566123,0.015676720628261025
0.005,-0.23163255353971962,0.012768887754391037
0.01,-0.5118484078024078,0.01419205559253455
0.015,-0.7243788577348891,0.01769066458397019
0.02,-0.992278045896958,0.014210630616059164
