tau_hat_ms,tau_se_ms
21.70321194440467,2.9790514366516754
